URL,Threat Type
https://theaxolotlapi.netlify.app/,SAFE
https://alexwohlbruck.github.io/cat-facts/,SAFE
https://cataas.com/,SAFE
https://github.com/ThatCopy/catAPI/wiki/Usage,SAFE
https://docs.thecatapi.com/,SAFE
https://dukengn.github.io/Dog-facts-API/,SAFE
https://dog.ceo/dog-api/,SAFE
https://http.cat/,SAFE
http://apiv3.iucnredlist.org/api/v3/docs,SAFE
https://github.com/movebank/movebank-api-doc,SAFE
https://placebear.com/,SAFE
https://place.dog,SAFE
https://aws.random.cat/meow,SAFE
https://random.dog/woof.json,SAFE
https://random-d.uk/api,SAFE
https://randomfox.ca/floof/,SAFE
https://userguide.rescuegroups.org/display/APIDG/API+Developers+Guide+Home,SAFE
http://shibe.online/,SAFE
https://github.com/AniAPI-Team/AniAPI,SAFE
https://github.com/AniList/ApiV2-GraphQL-Docs,SAFE
https://github.com/RocktimSaikia/anime-chan,SAFE
https://www.animenewsnetwork.com/encyclopedia/api.php,SAFE
https://jikan.moe,SAFE
https://kitsu.docs.apiary.io/,SAFE
https://myanimelist.net/clubs.php?cid=13727,SAFE
https://docs.nekos.best,SAFE
https://shikimori.one/api/doc,SAFE
https://ghibliapi.herokuapp.com,SAFE
https://waifu.pics/docs,SAFE
https://docs.abuseipdb.com/,SAFE
https://otx.alienvault.com/api,SAFE
https://developers.google.com/safe-browsing/,SAFE
https://malshare.com/doc.php,SAFE
https://metacert.com/,SAFE
https://urlhaus-api.abuse.ch/,SAFE
https://urlscan.io/about-api/,SAFE
https://www.virustotal.com/en/documentation/public-api/,SAFE
https://api.artic.edu/docs/,SAFE
http://www.colourlovers.com/api,SAFE
https://collection.cooperhewitt.org/api,SAFE
http://developer.dribbble.com/v2/,SAFE
https://pro.europeana.eu/resources/apis/search,SAFE
https://github.com/harvardartmuseums/api-docs,SAFE
https://developer.iconfinder.com,SAFE
http://docs.icons8.apiary.io/#reference/0/meta,SAFE
https://metmuseum.github.io/,SAFE
http://api.thenounproject.com/index.html,SAFE
https://php-noise.com/,SAFE
https://pixelencounter.com/api,SAFE
https://www.rijksmuseum.nl/en/api,SAFE
https://auth0.com,SAFE
https://m3o.com/user,SAFE
https://stytch.com/,SAFE
https://docs.bhagavadgitaapi.in,SAFE
https://bhagavadgita.io/api,SAFE
https://bibleapi.co/en,SAFE
http://bnb.data.bl.uk/,SAFE
https://github.com/CrossRef/rest-api-doc,SAFE
https://developers.google.com/books/,SAFE
https://garbage.world/posts/libgen/,SAFE
https://developer.nytimes.com/docs/books-product/1/overview,SAFE
https://openlibrary.org/developers/api,SAFE
http://www.penguinrandomhouse.biz/webservices/rest/,SAFE
https://quran.api-docs.io/,SAFE
https://alquran.cloud/api,SAFE
https://github.com/fawazahmed0/quran-api#readme,SAFE
https://aninditabasu.github.io/indica/html/rv.html,SAFE
https://api-thirukkural.web.app/,SAFE
https://aninditabasu.github.io/indica/html/vs.html,SAFE
https://wolnelektury.pl/api/,SAFE
http://charityapi.orghunter.com/,SAFE
https://clearbit.com/docs#logo-api,SAFE
https://domainsdb.info/,SAFE
https://developers.freelancer.com,SAFE
https://developers.google.com/gmail/api/,SAFE
https://developers.google.com/analytics/,SAFE
https://docs.mail.tm,SAFE
https://www.mailboxvalidator.com/api-email-free,SAFE
https://www.mailgun.com/,SAFE
http://www.markerapi.com/,SAFE
https://api.orb-intelligence.com/docs/,SAFE
https://smartsheet.redoc.ly/,SAFE
https://www.digite.com/swiftkanban/,SAFE
https://developers.trello.com/,SAFE
https://www.abstractapi.com/holidays-api,SAFE
https://www.calendarindex.com/,SAFE
http://calapi.inadiutorium.cz/,SAFE
https://svatky.adresa.info,SAFE
https://developers.google.com/google-apps/calendar/,SAFE
https://www.hebcal.com/home/developer-apis,SAFE
https://holidayapi.com/,SAFE
http://www.lectserve.com,SAFE
https://megavangelicals.com/sundays.json,SAFE
https://date.nager.at,SAFE
https://nameday.abalin.net,SAFE
https://github.com/gadael/icsdb,SAFE
https://isdayoff.ru,SAFE
https://github.com/egno/work-calendar,SAFE
https://www.gov.uk/bank-holidays.json,SAFE
https://unixtime.co.za,SAFE
https://anonfiles.com/docs/api,SAFE
https://bayfiles.com/docs/api,SAFE
https://developer.box.com/,SAFE
https://www.dropbox.com/developers,SAFE
https://www.file.io,SAFE
https://gofile.io/api,SAFE
https://developers.google.com/drive/,SAFE
https://dev.onedrive.com/,SAFE
https://getpantry.cloud/,SAFE
https://pastebin.com/api/,SAFE
https://web3.storage/,SAFE
https://circleci.com/docs/api/v1-reference/,SAFE
https://apidocs.codeship.com/,SAFE
https://docs.travis-ci.com/api/,SAFE
https://coinlayer.com,SAFE
https://github.com/binance/binance-spot-api-docs,SAFE
https://apiv2.bitcoinaverage.com/,SAFE
https://bitcoincharts.com/about/exchanges/,SAFE
https://docs.bitfinex.com/docs,SAFE
https://www.bitmex.com/app/apiOverview,SAFE
https://graphql.bitquery.io/ide,SAFE
https://bittrex.com/Home/Api,SAFE
https://www.block.io/docs/basic,SAFE
https://www.blockchain.com/api,SAFE
https://blockfacts.io/,SAFE
https://docs.coinapi.io/,SAFE
https://developers.coinbase.com,SAFE
https://docs.pro.coinbase.com/#api,SAFE
https://docs.coincap.io/,SAFE
http://www.coindesk.com/api/,SAFE
http://www.coingecko.com/api,SAFE
https://coinigy.docs.apiary.io,SAFE
https://coinlib.io/apidocs,SAFE
https://www.coinlore.com/cryptocurrency-data-api,SAFE
https://coinmarketcap.com/api/,SAFE
https://api.coinpaprika.com,SAFE
https://docs.coinranking.com/,SAFE
https://coinremitter.com/docs,SAFE
https://documenter.getpostman.com/view/5734027/RzZ6Hzr3?version=latest,SAFE
https://www.covalenthq.com/docs/api/,SAFE
https://www.cryptocompare.com/api#,SAFE
https://developers.cryptomkt.com,SAFE
https://www.cryptonator.com/api/,SAFE
https://www.cryptotradingapi.io/,SAFE
https://docs.gemini.com/rest-api/,SAFE
https://icobench.com/developers,SAFE
https://www.mercadobitcoin.net/api-doc/,SAFE
https://nexchange2.docs.apiary.io/,SAFE
https://nomics.com/docs/,SAFE
https://poloniex.com/support/api/,SAFE
https://technical-analysis-api.com,SAFE
https://docs.valr.com/,SAFE
https://dashboard.nbshare.io/apps/reddit/api/,SAFE
https://www.worldcoinindex.com/apiservice,SAFE
https://1forge.com/forex-data-api/api-documentation,SAFE
https://fixer.io,SAFE
https://www.cbr.ru/development/SXML/,SAFE
https://github.com/fawazahmed0/currency-api#readme,SAFE
https://currencylayer.com/documentation,SAFE
https://currencyscoop.com/api-documentation,SAFE
https://www.cnb.cz/cs/financni_trhy/devizovy_trh/kurzy_devizoveho_trhu/denni_kurz.xml,SAFE
https://www.exchangerate-api.com,SAFE
https://exchangerate.host,SAFE
https://exchangeratesapi.io,SAFE
https://www.frankfurter.app/docs,SAFE
http://api.nbp.pl/en.html,SAFE
https://www.vatcomply.com/documentation,SAFE
https://www.abstractapi.com/email-verification-validation-api,SAFE
https://mailboxlayer.com,SAFE
https://cloudmersive.com/validate-api,SAFE
https://eva.pingutil.com/,SAFE
https://lob.com/,SAFE
http://www.purgomalum.com,SAFE
https://smartystreets.com/docs/cloud/us-autocomplete-api,SAFE
https://smartystreets.com/products/apis/us-extract-api,SAFE
https://smartystreets.com/docs/cloud/us-street-api,SAFE
https://vatlayer.com,SAFE
https://veriphone.io,SAFE
https://24pullrequests.com/api,SAFE
https://www.abstractapi.com/website-screenshot-api,SAFE
https://agify.io,SAFE
https://www.apicagent.com,SAFE
https://apiflash.com/,SAFE
https://userstack.com/,SAFE
https://apis.guru/api-doc/,SAFE
https://developer.atlassian.com/bitbucket/api/2/reference/,SAFE
https://blitapp.com/api/,SAFE
https://www.boredapi.com/,SAFE
https://browshot.com/api/documentation,SAFE
https://api.cdnjs.com/libraries/jquery,SAFE
https://changelogs.md,SAFE
https://github.com/polarspetroll/ciprand,SAFE
https://github.com/fawazahmed0/cloudflare-trace-api,SAFE
https://www.contentful.com/developers/docs/references/images-api/,SAFE
https://github.com/burhanuday/cors-proxy,SAFE
https://countapi.xyz,SAFE
https://status.digitalocean.com/api,SAFE
https://api.domainsdb.info/,SAFE
https://extendsclass.com/json-storage.html,SAFE
https://form2channel.com/,SAFE
https://genderize.io,SAFE
https://www.getping.info,SAFE
https://docs.github.com/en/free-pro-team@latest/rest,SAFE
https://docs.gitlab.com/ee/api/,SAFE
https://developer.gitter.im/docs/welcome,SAFE
https://developers.glitterly.app,SAFE
https://gorest.co.in/,SAFE
https://hexabin.herokuapp.com/,SAFE
https://host-t.com,SAFE
https://host.io,SAFE
https://http2.pro/doc/api,SAFE
https://httpbin.org/,SAFE
https://cloudflare-quic.com/b/,SAFE
https://cloud.ibm.com/docs/text-to-speech/getting-started.html,SAFE
https://icanhazepoch.com,SAFE
https://major.io/icanhazip-com-faq/,SAFE
https://platform.ifttt.com/docs/connect_api,SAFE
https://documentation.image-charts.com/,SAFE
http://api.docs.import.io/,SAFE
https://www.ip2whois.com/,SAFE
https://www.ipify.org/,SAFE
https://ipinfo.io/developers,SAFE
https://github.com/jsdelivr/data.jsdelivr.com,SAFE
https://json2jsonp.com/,SAFE
https://jsonbin.io,SAFE
https://api.judge0.com/,SAFE
https://kroki.io,SAFE
https://github.com/cmccandless/license-api/blob/master/README.md,SAFE
https://macaddress.io/api,SAFE
https://microenv.com/,SAFE
https://nationalize.io,SAFE
https://oopspam.com/,SAFE
https://pagecdn.com/docs/public-api,SAFE
https://docs.api.getpostman.com/,SAFE
https://proxycrawl.com,SAFE
https://github.com/davemachado/public-api,SAFE
https://pusher.com/beams,SAFE
https://fungenerators.com/api/qrcode/,SAFE
http://qrtag.net/api/,SAFE
http://goqr.me/api/,SAFE
https://quickchart.io/,SAFE
https://reqres.in/ ,SAFE
https://rss-to-json-serverless-api.vercel.app,SAFE
https://docs.scraper.ai/#/,SAFE
https://www.scraperapi.com,SAFE
https://scraperbox.com/,SAFE
https://scrapestack.com/,SAFE
https://scrapingant.com,SAFE
https://www.scrapingdog.com/,SAFE
https://screenshotapi.net/,SAFE
https://color.serialif.com/,SAFE
https://serpstack.com/,SAFE
http://shoutcloud.io/,SAFE
https://api.stackexchange.com/,SAFE
https://statically.io/,SAFE
https://docs.trending-github.com,SAFE
https://tyk.io/open-source/,SAFE
https://webscraping.ai/,SAFE
http://ccdb.hemiola.com/,SAFE
https://ctext.org/tools/api,SAFE
https://dictionaryapi.dev/,SAFE
https://www.linguarobot.io,SAFE
https://dictionaryapi.com/,SAFE
https://owlbot.info/,SAFE
https://developer.oxforddictionaries.com/,SAFE
http://developer.wordnik.com,SAFE
https://www.wordsapi.com/,SAFE
https://airtable.com/api,SAFE
https://pdflayer.com,SAFE
https://cloudmersive.com/convert-api,SAFE
https://codestats.net/api-docs,SAFE
https://mercury.postlight.com/web-parser/,SAFE
https://developers.notion.com/docs/getting-started,SAFE
https://getpocket.com/developer/,SAFE
https://prexview.com,SAFE
https://restpack.io/,SAFE
https://developer.todoist.com,SAFE
https://vector.express,SAFE
https://wakatime.com/developers,SAFE
https://zube.io/docs/api,SAFE
https://airvisual.com/api,SAFE
https://docs.carboninterface.com/,SAFE
https://www.cloverly.com/carbon-offset-documentation,SAFE
https://www.corrently.de/hintergrund/gruenstromindex/index.html,SAFE
https://ladataverte.fr,SAFE
https://docs.openaq.org/,SAFE
https://pm25.lass-net.org/#apis,SAFE
http://www.pm25.in/api_doc,SAFE
https://developer.nrel.gov/docs/solar/pvwatts/v6/,SAFE
https://carbon-intensity.github.io/api-definitions/#carbon-intensity-api-v1-0-0,SAFE
https://www.eventbrite.com/developer/v3/,SAFE
http://developer.picatic.com/?utm_medium=web&utm_source=github&utm_campaign=public-apis%20repo&utm_content=toddmotto,SAFE
https://platform.seatgeek.com/,SAFE
http://developer.ticketmaster.com/products-and-docs/apis/getting-started/,SAFE
https://www.abstractapi.com/vat-validation-rates-api,SAFE
https://aletheiaapi.com/,SAFE
https://www.alphavantage.co/,SAFE
https://marketstack.com/,SAFE
https://developers.bb.com.br/home,SAFE
https://financialmodelingprep.com/developer/docs/,SAFE
https://iexcloud.io/docs/api/,SAFE
https://labs.ig.com/gettingstarted,SAFE
https://intrinio.com/,SAFE
https://mono.co/,SAFE
https://nordigen.com/en/account_information_documenation/integration/quickstart_guide/,SAFE
https://plaid.com/,SAFE
https://polygon.io/,SAFE
https://ifsc.razorpay.com/,SAFE
https://github.com/Real-time-finance/finance-websocket-API/,SAFE
https://www.Styvio.com,SAFE
https://developer.tradier.com,SAFE
https://twelvedata.com/,SAFE
https://api.youneedabudget.com/,SAFE
https://developer.edamam.com/edamam-docs-nutrition-api,SAFE
https://developer.edamam.com/edamam-docs-recipe-api,SAFE
https://github.com/surhud004/Foodish#readme,SAFE
https://lcboapi.com/,SAFE
https://www.openbrewerydb.org,SAFE
https://world.openfoodfacts.org/data,SAFE
https://punkapi.com/,SAFE
https://spoonacular.com/food-api,SAFE
https://github.com/evz/tacofancy-api,SAFE
https://github.com/andyklimczak/TheReportOfTheWeek-API,SAFE
https://www.thecocktaildb.com/api.php,SAFE
https://www.themealdb.com/api.php,SAFE
http://nypl.github.io/menus-api/,SAFE
https://whiskyhunter.net/api/,SAFE
https://zestfuldata.com/,SAFE
https://age-of-empires-2-api.herokuapp.com,SAFE
https://amiiboapi.com/,SAFE
http://acnhapi.com/,SAFE
https://github.com/didadadida93/autochess-vng-api,SAFE
https://github.com/bartervg/barter.vg/wiki,SAFE
https://boardgamegeek.com/wiki/page/BGG_XML_API2,SAFE
https://developer.brawlstars.com,SAFE
https://www.bugsnaxapi.com/,SAFE
https://www.cheapshark.com/api,SAFE
http://www.icndb.com/api/,SAFE
https://developer.clashofclans.com,SAFE
https://developer.clashroyale.com,SAFE
https://comicvine.gamespot.com/api/documentation,SAFE
https://crossuniverse.psychpsyo.com/apiDocs.html,SAFE
http://deckofcardsapi.com/,SAFE
https://github.com/Bungie-net/api,SAFE
https://docs.opendota.com/,SAFE
http://www.dnd5eapi.co/,SAFE
https://esi.evetech.net/ui,SAFE
https://www.easports.com/fifa/ultimate-team/api/fut/item,SAFE
https://xivapi.com/,SAFE
https://fortnitetracker.com/site-api,SAFE
https://images.forza-api.tk,SAFE
https://www.freetogame.com/api-doc,SAFE
https://www.gamerpower.com/api-read,SAFE
https://www.giantbomb.com/api/documentation,SAFE
https://wiki.guildwars2.com/wiki/API:Main,SAFE
https://github.com/rubensayshi/gw2spidy/wiki,SAFE
https://developer.haloapi.com/,SAFE
http://hearthstoneapi.com/,SAFE
https://rapidapi.com/Ziggoto/api/humble-bundle,SAFE
https://api.hypixel.net/,SAFE
https://github.com/gadhagod/Hyrule-Compendium-API,SAFE
https://hytale-api.com/,SAFE
https://api.igdb.com/,SAFE
https://sv443.net/jokeapi/v2/,SAFE
https://github.com/15Dkatz/official_joke_api,SAFE
https://jokes.one/api/joke/,SAFE
http://jservice.io,SAFE
https://lichess.org/api,SAFE
http://magicthegathering.io/,SAFE
https://mario-kart-tour-api.herokuapp.com/,SAFE
https://developer.marvel.com,SAFE
https://www.mmobomb.com/api,SAFE
https://docs.mod.io,SAFE
https://opentdb.com/api_config.php,SAFE
https://developers.pandascore.co/,SAFE
https://pokeapi.co,SAFE
https://pokemontcg.io,SAFE
https://psychonauts-api.netlify.app/,SAFE
https://fungenerators.com/api/facts/,SAFE
https://rickandmortyapi.com,SAFE
https://developer.riotgames.com/,SAFE
https://runescape.wiki/w/Application_programming_interface,SAFE
https://scryfall.com/docs/api,SAFE
https://spacetraders.io?rel=pub-apis,SAFE
https://steamapi.xpaw.me/,SAFE
https://github.com/Revadike/InternalSteamWebAPI/wiki,SAFE
https://superheroapi.com,SAFE
https://www.tcgdex.net/docs,SAFE
https://www.tronalddump.io/,SAFE
https://developers.wargaming.net/,SAFE
https://xkcd.com/json.html,SAFE
https://www.abstractapi.com/ip-geolocation-api,SAFE
https://adresse.data.gouv.fr,SAFE
https://sys.airtel.lv/ip2country/1.1.1.1/?full=true,SAFE
https://ipstack.com/,SAFE
http://battuta.medunes.net,SAFE
https://www.bigdatacloud.com/ip-geolocation-apis,SAFE
https://www.microsoft.com/maps/,SAFE
https://www.getthedata.com/bng2latlong,SAFE
https://github.com/M-Media-Group/Cartes.io/wiki/API,SAFE
http://cep.la/,SAFE
http://www.citysdk.eu/citysdk-toolkit/,SAFE
http://country.is/,SAFE
https://countrystatecity.in/,SAFE
http://apis.map.daum.net/,SAFE
https://freegeoip.app/,SAFE
https://api.gouv.fr/api/geoapi.html,SAFE
https://www.geoapify.com/api/geocoding-api/,SAFE
https://www.geocod.io/,SAFE
https://geocode.xyz/api,SAFE
https://geocodify.com/,SAFE
https://nominatim.geocoding.ai/,SAFE
https://www.geodatasource.com/web-service,SAFE
https://geojs.io/,SAFE
https://geokeo.com,SAFE
http://www.geonames.org/export/web-services.html,SAFE
https://www.geoplugin.com,SAFE
https://developers.google.com/earth-engine/,SAFE
https://developers.google.com/maps/,SAFE
https://github.com/lennertVanSever/graphcountries,SAFE
https://www.fourtonfish.com/hellosalut/hello/,SAFE
https://developer.here.com,SAFE
https://geodata.gov.hk/gs/,SAFE
https://ip2country.info,SAFE
https://ipinfo.io/,SAFE
https://ipapi.co/api/#introduction,SAFE
https://ip-api.com/docs,SAFE
https://ipsidekick.com,SAFE
https://www.ipvigilante.com/,SAFE
https://www.ip2location.com/web-service/ip2location,SAFE
https://www.ip2location.com/web-service/ip2proxy,SAFE
https://ipapi.com/,SAFE
https://api.techniknews.net/ipgeo/,SAFE
https://ipgeolocationapi.com/,SAFE
https://ipinfodb.com/api,SAFE
https://locationiq.org/docs/,SAFE
https://www.mapbox.com/developers/,SAFE
https://github.com/IcaliaLabs/sepomex,SAFE
https://docs.onemap.sg/,SAFE
https://onwater.io/,SAFE
https://www.opentopodata.org,SAFE
https://opencagedata.com,SAFE
https://openrouteservice.org/,SAFE
http://wiki.openstreetmap.org/wiki/API,SAFE
https://positionstack.com/,SAFE
http://api.postcodedata.nl/v1/postcode/?postcode=1211EP&streetnumber=60&ref=domeinnaam.nl&type=json,SAFE
https://postcodes.io,SAFE
https://restcountries.com,SAFE
https://www.roadgoat.com/business/cities-api,SAFE
https://www.spotsense.io,SAFE
https://uebermaps.com/api/v2,SAFE
https://smartystreets.com/docs/cloud/us-zipcode-api,SAFE
https://api.mapserv.utah.gov,SAFE
https://viacep.com.br,SAFE
https://www.zipcodeapi.com,SAFE
http://www.zippopotam.us,SAFE
https://ziptasticapi.com/,SAFE
http://www.bclaws.ca/civix/template/complete/api/index.html,SAFE
https://brasilapi.com.br/,SAFE
https://dadosabertos.bcb.gov.br/,SAFE
https://dadosabertos.camara.leg.br/swagger/api.html,SAFE
https://business.usa.gov/developer,SAFE
https://www.census.gov/data/developers/data-sets.html,SAFE
https://data.nantesmetropole.fr/pages/home/,SAFE
https://opendata.cityofnewyork.us/,SAFE
http://opendata.praha.eu/en,SAFE
https://code.gov,SAFE
https://data.colorado.gov/,SAFE
https://datausa.io/about/api/,SAFE
https://api.data.gov/,SAFE
https://explore.data.parliament.uk/?learnmore=Members,SAFE
http://opendata.dc.gov/pages/using-apis,SAFE
https://developer.epa.gov/category/apis/,SAFE
https://www.fbi.gov/wanted/api,SAFE
https://api.open.fec.gov/developers/,SAFE
https://www.federalregister.gov/reader-aids/developer-resources,SAFE
http://ratings.food.gov.uk/open-data/en-GB,SAFE
https://www.thegazette.co.uk/data,SAFE
http://iinei.inei.gob.pe/microdatos/,SAFE
https://data.ibb.gov.tr,SAFE
https://www.data.gov.au/,SAFE
https://data.gov.be/,SAFE
http://open.canada.ca/en,SAFE
https://www.dane.gov.co/,SAFE
https://www.data.gouv.fr/,SAFE
https://data.gov.in/,SAFE
https://www.dati.gov.it/,SAFE
https://www.inegi.org.mx/datos/,SAFE
https://www.data.govt.nz/,SAFE
https://www.datosabiertos.gob.pe/,SAFE
https://dane.gov.pl/en,SAFE
http://data.gov.ro/,SAFE
https://data.gov.ru/?language=en,SAFE
https://data.gov.sa,SAFE
https://data.gov.tw/,SAFE
https://data.go.th/,SAFE
https://data.gov.uk/,SAFE
https://www.data.gov/,SAFE
https://represent.opennorth.ca/,SAFE
https://alphagov.github.io/api-catalogue,SAFE
https://api.usaspending.gov/,SAFE
https://pipedream.com/@pravin/http-api-for-latest-wuhan-coronavirus-data-2019-ncov-p_G6CLVM/readme,SAFE
https://coronavirus.data.gov.uk/details/developers-guide,SAFE
https://covid19api.com/,SAFE
https://github.com/M-Media-Group/Covid-19-API,SAFE
https://covidtracker.bsg.ox.ac.uk,SAFE
https://api.covid19tracker.ca/docs/1.0/overview,SAFE
https://covid-19.dataflowkit.com,SAFE
http://predictbgl.com/api/,SAFE
https://www.healthcare.gov/developers/,SAFE
https://cov-spectrum.ethz.ch/public,SAFE
https://docs.lexigram.io/v1/welcome,SAFE
http://makeup-api.herokuapp.com/,SAFE
https://data.medicare.gov/developers,SAFE
https://npiregistry.cms.hhs.gov/registry/help-api,SAFE
https://developer.nutritionix.com/,SAFE
https://disease.sh/,SAFE
https://open.fda.gov,SAFE
https://developer.orionhealth.io/,SAFE
https://quarantine.country/coronavirus/api/,SAFE
https://fdc.nal.usda.gov/,SAFE
https://developer.adzuna.com/overview,SAFE
https://www.careerjet.com/partners/api/,SAFE
https://devitjobs.uk/job_feed.xml,SAFE
https://findwork.dev/developers/,SAFE
https://graphql.jobs/docs/api/,SAFE
http://api.jobs2careers.com/api/spec.pdf,SAFE
https://us.jooble.org/api/about,SAFE
http://www.juju.com/publisher/spec/,SAFE
https://github.com/workforce-data-initiative/skills-api/wiki/API-Overview,SAFE
https://www.reed.co.uk/developers,SAFE
https://www.themuse.com/developers/api/v2,SAFE
https://developers.upwork.com/,SAFE
https://developer.usajobs.gov/,SAFE
https://www.ziprecruiter.com/publishers,SAFE
https://aiforthai.in.th/index.php,SAFE
https://docs.clarifai.com,SAFE
https://www.cloudmersive.com/image-recognition-and-processing-api,SAFE
https://www.deepcode.ai,SAFE
https://dialogflow.com,SAFE
http://uttesh.com/exude-api/,SAFE
https://docs.identity.ps/docs,SAFE
https://keen.io/,SAFE
https://nlpcloud.io,SAFE
https://openvisionapi.com,SAFE
https://perspectiveapi.com,SAFE
https://timedoor.io,SAFE
https://unplu.gg/test_api.html,SAFE
https://wit.ai/,SAFE
https://docs.7digital.com/reference,SAFE
https://aimastering.com/api_docs/,SAFE
https://developer.apple.com/documentation/applemusicapi/,SAFE
https://www.audiomack.com/data-api/docs,SAFE
https://bandcamp.com/developer,SAFE
https://app.swaggerhub.com/apis/Bandsintown/PublicAPI/3.0.0,SAFE
http://api.blip.fm/,SAFE
https://developers.deezer.com/api,SAFE
https://www.discogs.com/developers/,SAFE
https://freesound.org/docs/api/,SAFE
https://docs.genius.com/,SAFE
https://binaryjazz.us/genrenator-api/,SAFE
https://affiliate.itunes.apple.com/resources/documentation/itunes-store-web-service-search-api/,SAFE
https://developer.jamendo.com/v3.0/docs,SAFE
https://github.com/cyberboysumanjay/JioSaavnAPI,SAFE
https://developer.kkbox.com,SAFE
https://docs.ksoft.si/api/lyrics-api,SAFE
https://www.last.fm/api,SAFE
http://docs.lyricsovh.apiary.io/,SAFE
https://www.mixcloud.com/developers/,SAFE
https://musicbrainz.org/doc/Development/XML_Web_Service/Version_2,SAFE
https://developer.musixmatch.com/,SAFE
https://openwhyd.github.io/openwhyd/API,SAFE
https://www.songkick.com/developer/,SAFE
https://www.songsterr.com/a/wa/api/,SAFE
https://beta.developer.spotify.com/documentation/web-api/,SAFE
https://tastedive.com/read/api,SAFE
https://www.theaudiodb.com/api_guide.php,SAFE
https://api.vagalume.com.br/docs/,SAFE
https://mediastack.com/,SAFE
https://developer.ap.org/,SAFE
http://chroniclingamerica.loc.gov/about/api/,SAFE
https://currentsapi.services/,SAFE
https://github.com/feedbin/feedbin-api,SAFE
https://gnews.io/,SAFE
https://corona.dnsforfamily.com/api.txt,SAFE
https://developer.nytimes.com/,SAFE
https://newsapi.org/,SAFE
http://dev.npr.org/api/,SAFE
https://spaceflightnewsapi.net,SAFE
http://open-platform.theguardian.com/,SAFE
https://github.com/theoldreader/api,SAFE
http://18f.github.io/API-All-the-X/,SAFE
https://archive.readme.io/docs,SAFE
https://callook.info,SAFE
https://carto.com/,SAFE
https://developers.civicfeed.com/,SAFE
http://docs.enigma.com/public/public_v20_api_about,SAFE
https://geo.api.gouv.fr/adresse,SAFE
https://www.kaggle.com/docs/api,SAFE
https://www.linkpreview.net,SAFE
https://microlink.io,SAFE
https://africaopendata.org/,SAFE
http://api.opencorporates.com/documentation/API-Reference,SAFE
https://www.quandl.com/,SAFE
https://ridb.recreation.gov/,SAFE
http://www.scoop.it/dev,SAFE
https://dev.socrata.com/,SAFE
https://developers.teleport.org/,SAFE
https://github.com/Hipo/university-domains-list,SAFE
https://data.uio.no/,SAFE
https://upcdatabase.org/api,SAFE
https://www.wikidata.org/w/api.php?action=help,SAFE
https://www.mediawiki.org/wiki/API:Main_page,SAFE
https://www.yelp.com/developers/documentation/v3,SAFE
https://api.count.ly/reference,SAFE
https://api.creativecommons.engineering/,SAFE
https://www.datamuse.com/api/,SAFE
https://www.drupal.org/drupalorg/docs/api,SAFE
https://evilinsult.com/api,SAFE
https://developers.epo.org/,SAFE
https://tiponet.tipo.gov.tw/Gazette/OpenData/OD/OD05.aspx?QryDS=API00,SAFE
https://www.uspto.gov/learning-and-resources/open-data-and-mobility,SAFE
http://api.adviceslip.com/,SAFE
https://affirmations.dev/,SAFE
https://biriyani.anoram.com/,SAFE
https://api.chucknorris.io,SAFE
https://github.com/fisenkodv/dictum,SAFE
https://favqs.com/api,SAFE
http://www.foaas.com/,SAFE
http://forismatic.com/en/api/,SAFE
https://icanhazdadjoke.com/api,SAFE
https://imgflip.com/api,SAFE
https://inspiration.goprogram.ai/docs/,SAFE
https://kanye.rest,SAFE
https://github.com/Medium/medium-api-docs,SAFE
https://github.com/theIYD/NaMoMemes,SAFE
https://github.com/skolakoda/programming-quotes-api,SAFE
https://github.com/lukePeavey/quotable,SAFE
https://pprathameshmore.github.io/QuoteGarden/,SAFE
https://quotesondesign.com/api/,SAFE
https://github.com/tlcheah2/stoic-quote-lambda-public-api,SAFE
https://app.traitify.com/developer,SAFE
https://vadivelu.anoram.com/,SAFE
https://github.com/beanboi7/yomomma-apiv2,SAFE
https://www.abstractapi.com/phone-validation-api,SAFE
https://numverify.com,SAFE
https://cloudmersive.com/phone-number-validation-API,SAFE
https://screenshotlayer.com,SAFE
https://dagpi.xyz,SAFE
https://www.flickr.com/services/api/,SAFE
http://developers.gettyimages.com/en/,SAFE
https://developers.gfycat.com/api/,SAFE
https://developers.giphy.com/docs/,SAFE
https://gyazo.com/api/docs,SAFE
https://apidocs.imgur.com/,SAFE
https://picsum.photos/,SAFE
https://objectcut.com/,SAFE
https://www.pexels.com/api/,SAFE
https://pixabay.com/sk/service/about/api/,SAFE
https://placekitten.com/,SAFE
https://resmush.it/api,SAFE
https://unsplash.com/developers,SAFE
https://wallhaven.cc/help/api,SAFE
https://api.arcsecond.io/,SAFE
https://arxiv.org/help/api/user-manual,SAFE
https://core.ac.uk/services#api,SAFE
https://www.gbif.org/developer/summary,SAFE
https://github.com/idigbio/idigbio-search-api/wiki,SAFE
https://github.com/inspirehep/rest-api-doc,SAFE
https://isevenapi.xyz/,SAFE
https://isro.vercel.app,SAFE
https://www.itis.gov/ws_description.html,SAFE
https://thespacedevs.com/llapi,SAFE
https://mpds.io,SAFE
http://www.asterank.com/mpc,SAFE
https://api.nasa.gov,SAFE
https://api.nasa.gov/planetary/apod?api_key=DEMO_KEY,SAFE
https://apodapi.herokuapp.com/,SAFE
https://newton.vercel.app,SAFE
https://math.tools/api/numbers/,SAFE
http://numbersapi.com,SAFE
http://open-notify.org/Open-Notify-API/,SAFE
https://developer.osf.io,SAFE
https://www2.purpleair.com/,SAFE
https://satellites.fly.dev,SAFE
https://share.osf.io/api/v2/,SAFE
https://github.com/r-spacex/SpaceX-API,SAFE
https://sunrise-sunset.org/api,SAFE
https://earthquake.usgs.gov/fdsnws/event/1/,SAFE
https://waterservices.usgs.gov/,SAFE
https://datahelpdesk.worldbank.org/knowledgebase/topics/125589,SAFE
https://github.com/fingerprintjs/botd,SAFE
https://censys.io/api,SAFE
https://crxcavator.io/apidocs,SAFE
https://github.com/polarspetroll/EscapeAPI,SAFE
https://filterlists.com,SAFE
https://dev.fingerprintjs.com/docs,SAFE
https://www.fraudlabspro.com/developer/api/screen-order,SAFE
https://api.gitguardian.com/doc,SAFE
https://api.hackerone.com/,SAFE
https://haveibeenpwned.com/API/v3,SAFE
https://github.com/IntelligenceX/SDK/blob/master/Intelligence%20X%20API.pdf,SAFE
https://www.loginradius.com/docs/,SAFE
https://github.com/mozilla/http-observatory/blob/master/httpobs/docs/api.md,SAFE
https://github.com/mozilla/tls-observatory#api-endpoints,SAFE
https://nvd.nist.gov/vuln/Data-Feeds/JSON-feed-changelog,SAFE
https://github.com/fawazsullia/password-generator/,SAFE
https://phishstats.info/,SAFE
https://pulsedive.com/api/,SAFE
https://securitytrails.com/corp/apidocs,SAFE
https://developer.shodan.io/,SAFE
https://data.police.uk/docs/,SAFE
https://api.virushee.com/,SAFE
https://bestbuyapis.github.io/api-documentation/#overview,SAFE
https://dummyproducts-api.herokuapp.com/,SAFE
https://go.developer.ebay.com/,SAFE
https://www.etsy.com/developers/documentation/getting_started/api_basics,SAFE
https://dev.wegmans.io,SAFE
https://github.com/4chan/4chan-API,SAFE
https://buffer.com/developers/api,SAFE
https://developer.ciscospark.com,SAFE
https://discord.com/developers/docs/intro,SAFE
https://disqus.com/api/docs/auth/,SAFE
https://api.doge-meme.lol/docs,SAFE
https://developers.facebook.com/,SAFE
https://developer.foursquare.com/,SAFE
https://www.foaas.com,SAFE
https://www.fullcontact.com/developer/docs/,SAFE
https://github.com/HackerNews/API,SAFE
https://www.instagram.com/developer/,SAFE
https://docs.microsoft.com/en-us/linkedin/?context=linkedin/context,SAFE
https://www.meetup.com/meetup_api/,SAFE
https://mysocialapp.io,SAFE
https://docs.opencollective.com/help/developers/api,SAFE
https://developers.pinterest.com/,SAFE
https://www.reddit.com/dev/api,SAFE
https://www.saidit.net/dev/api,SAFE
https://api.slack.com/,SAFE
https://core.telegram.org/bots/api,SAFE
https://core.telegram.org/api#getting-started,SAFE
https://trashnothing.com/developer,SAFE
https://www.tumblr.com/docs/en/api/v2,SAFE
https://dev.twitch.tv/docs,SAFE
https://developer.twitter.com/en/docs,SAFE
https://vk.com/dev/sites,SAFE
https://balldontlie.io,SAFE
http://api.cfl.ca/,SAFE
http://api.citybik.es/v2/,SAFE
https://www.cloudbet.com/api/,SAFE
http://ergast.com/mrd/,SAFE
https://dev.fitbit.com/,SAFE
https://www.scorebat.com/video-api/,SAFE
https://boggio-analytics.com/fp-api/,SAFE
https://www.football-data.org,SAFE
https://developer.jcdecaux.com/,SAFE
https://appac.github.io/mlb-data-api-docs/,SAFE
https://any-api.com/nba_com/nba_com/docs/API_Description,SAFE
https://gitlab.com/dword4/nhlapi,SAFE
https://data.oddsmagnet.com,SAFE
https://developers.decathlon.com/products/sports,SAFE
https://developers.decathlon.com/products/sport-places,SAFE
https://developers.decathlon.com/products/sport-vision,SAFE
https://strava.github.io/api/,SAFE
https://suredbits.com/api/,SAFE
https://www.thesportsdb.com/api.php,SAFE
https://www.tredict.com/blog/oauth_docs/,SAFE
https://wger.de/en/software/api,SAFE
https://baconipsum.com/json-api/,SAFE
https://avatars.dicebear.com/,SAFE
https://fakejson.com,SAFE
https://fakerapi.it/en,SAFE
http://jsonplaceholder.typicode.com/,SAFE
http://loripsum.net/,SAFE
https://mailsac.com/docs/api,SAFE
https://pipl.ir/,SAFE
https://quickmocker.com,SAFE
https://randommer.io/randommer-api,SAFE
https://randomuser.me,SAFE
https://robohash.org/,SAFE
https://palabras-aleatorias-public-api.herokuapp.com,SAFE
https://thispersondoesnotexist.com,SAFE
https://www.uuidtools.com/docs,SAFE
https://yesno.wtf/api,SAFE
https://languagelayer.com/,SAFE
https://docs.aylien.com/textapi/#getting-started,SAFE
https://www.cloudmersive.com/nlp-api,SAFE
https://detectlanguage.com/,SAFE
https://cloud.google.com/natural-language/docs/,SAFE
https://libretranslate.de/docs,SAFE
https://semantria.readme.io/docs,SAFE
https://www.meaningcloud.com/developer/sentiment-analysis,SAFE
https://sentim-api.herokuapp.com/,SAFE
https://tisane.ai/,SAFE
https://cloud.ibm.com/apidocs/natural-language-understanding/natural-language-understanding,SAFE
https://pixe.la,SAFE
http://postmon.com.br,SAFE
https://developer.postnord.com/docs2,SAFE
https://www.ups.com/upsdeveloperkit,SAFE
https://docs.wecantrack.com,SAFE
https://whatpulse.org/pages/webapi/,SAFE
https://www.adsbexchange.com/data/,SAFE
http://www.aishub.net/api,SAFE
https://developers.amadeus.com/self-service,SAFE
https://aviationstack.com/,SAFE
http://api.bart.gov,SAFE
https://www.bcferriesapi.ca,SAFE
https://dev.blablacar.com,SAFE
https://www.mbta.com/developers/v3-api,SAFE
https://github.com/transitland/transitland-datastore/blob/master/README.md#api-endpoints,SAFE
https://graphhopper.com/api/1/docs/,SAFE
http://docs.apis.is/,SAFE
http://api-docs.izi.travel/,SAFE
http://app.metrolisboa.pt/status/getLinhas.php,SAFE
https://api.navitia.io/,SAFE
https://openchargemap.org/site/develop/api,SAFE
https://opensky-network.org/apidoc/index.html,SAFE
https://www.refugerestrooms.org/api/docs/#!/restrooms,SAFE
https://developer.schiphol.nl/,SAFE
https://creativecommons.tankerkoenig.de/swagger/,SAFE
https://transit.land/documentation/datastore/api-endpoints.html,SAFE
http://www.itsmarta.com/app-developer-resources.aspx,SAFE
https://api.at.govt.nz/,SAFE
https://hello.irail.be/api/,SAFE
https://github.com/derhuerst/vbb-rest/blob/3/docs/index.md,SAFE
https://opendata.bordeaux-metropole.fr/explore/,SAFE
https://mbta.com/developers/v3-api,SAFE
https://bkkfutar.docs.apiary.io,SAFE
http://www.transitchicago.com/developers/,SAFE
https://www.chaps.cz/eng/products/idos-internet,SAFE
http://www.rtd-denver.com/gtfs-developer-guide.shtml,SAFE
https://digitransit.fi/en/developers/ ,SAFE
http://data.deutschebahn.com/dataset/api-fahrplan,SAFE
https://www.metromobilite.fr/pages/opendata/OpenDataApi.html,SAFE
http://hea.thebus.org/api_info.asp,SAFE
https://data.gov.in/sector/transport,SAFE
https://emel.city-platform.com/opendata/,SAFE
https://api.tfl.gov.uk,SAFE
https://developer.tfgm.com/,SAFE
https://developer.entur.org/,SAFE
http://data.ratp.fr/api/v1/console/datasets/1.0/search/,SAFE
http://www3.septa.org/hackathon/,SAFE
http://www.sptrans.com.br/desenvolvedores/api-do-olho-vivo-guia-de-referencia/documentacao-api/,SAFE
https://www.trafiklab.se/api,SAFE
https://opentransportdata.swiss/en/,SAFE
https://transport.opendata.ch/,SAFE
http://www.ns.nl/reisinformatie/ns-api,SAFE
https://github.com/skywave/KV78Turbo-OVAPI/wiki,SAFE
https://myttc.ca/developers,SAFE
http://www.nextbus.com/xmlFeedDocs/NextBusXMLFeed.pdf,SAFE
https://developer.translink.ca/,SAFE
https://developer.wmata.com/,SAFE
https://developer.uber.com/products,SAFE
https://github.com/1pt-co/api/blob/main/README.md,SAFE
http://dev.bitly.com/get_started.html,SAFE
https://cleanuri.com/docs,SAFE
https://support.clickmeter.com/hc/en-us/categories/201474986,SAFE
https://github.blog/2011-11-10-git-io-github-url-shortener/,SAFE
https://github.com/robvanbakel/gotiny-api,SAFE
https://is.gd/developers.php,SAFE
https://docs.kutt.it/,SAFE
https://developers.rebrandly.com/v1/docs,SAFE
https://github.com/FayasNoushad/Short-Link-API,SAFE
https://shrtco.de/docs,SAFE
https://shrtlnk.dev/developer,SAFE
https://t.ly/docs,SAFE
https://tinyuid.com/docs,SAFE
https://docs.zws.im,SAFE
https://deividfortuna.github.io/fipe/,SAFE
http://developer.kbb.com/#!/data/1-Default,SAFE
https://developer.mercedes-benz.com/apis,SAFE
https://apisetu.gov.in/public/api/transportmh,SAFE
https://vpic.nhtsa.dot.gov/api/,SAFE
https://smartcar.com/docs/,SAFE
https://anapioficeandfire.com/,SAFE
https://breakingbadapi.com/documentation,SAFE
https://github.com/shevabam/breaking-bad-quotes,SAFE
http://www.ceskatelevize.cz/xml/tv-program/,SAFE
https://developer.dailymotion.com/,SAFE
https://pwaproxy.erosnow.com/api/v2/catalog/playlists-all?img_quality=1&location=3&page=121&resp=basic&new=true&start=2&content_limit=10&rows=5&optimized=true&progress=all&watchlist=all&country=US,SAFE
https://finalspaceapi.com/docs/,SAFE
https://gameofthronesquotes.xyz/,SAFE
https://github.com/DiljotSG/MCU-Countdown,SAFE
https://github.com/F4R4N/movie-quote/,SAFE
http://www.omdbapi.com/,SAFE
https://github.com/jamesseanwright/ron-swanson-quotes#ron-swanson-quotes-api,SAFE
http://stapi.co,SAFE
https://swapi.dev/,SAFE
https://www.swapi.tech,SAFE
https://the-one-api.dev/,SAFE
https://vampire-diaries-api.netlify.app/,SAFE
https://thronesapi.com/,SAFE
https://www.themoviedb.org/documentation/api,SAFE
https://trakt.tv/b/api-docs,SAFE
https://api.thetvdb.com/swagger,SAFE
http://www.tvmaze.com/api,SAFE
https://developer.vimeo.com/,SAFE
https://developers.google.com/youtube/,SAFE
http://www.7timer.info/doc.php?lang=en,SAFE
https://developer.accuweather.com/apis,SAFE
https://weatherstack.com/,SAFE
https://www.apixu.com/doc/request.aspx,SAFE
https://www.aviationweather.gov/dataserver,SAFE
https://open.caiyunapp.com/ColorfulClouds_Weather_API,SAFE
https://developer.foreca.com,SAFE
https://www.hko.gov.hk/en/abouthko/opendata_intro.htm,SAFE
https://www.metaweather.com/api/,SAFE
https://api.met.no/weatherapi/documentation,SAFE
https://www.ncdc.noaa.gov/cdo-web/,SAFE
http://api.oceandrivers.com/static/docs.html,SAFE
https://open-meteo.com/,SAFE
https://api.opensensemap.org/,SAFE
https://www.openuv.io,SAFE
https://openweathermap.org/api,SAFE
https://dev.qweather.com/,SAFE
https://data.gov.sg/dataset/realtime-weather-readings,SAFE
https://stormglass.io/,SAFE
https://docs.tomorrow.io,SAFE
https://www.troposphere.io/developer,SAFE
https://www.visualcrossing.com/weather-api,SAFE
https://github.com/robertoduessmann/weather-api,SAFE
https://www.weatherbit.io/api,SAFE
https://github.com/chubin/wttr.in,SAFE
http://malware.testing.google.test/testing/malware/,['MALWARE']
http://testsafebrowsing.appspot.com/s/phishing.html,['SOCIAL_ENGINEERING']
http://testsafebrowsing.appspot.com/s/unwanted.html,['UNWANTED_SOFTWARE']
http://testsafebrowsing.appspot.com/s/malware.html,['MALWARE']
